Workbook

Sheet Overview
A1: AlikeAudience Data Test — Task 1 Analysis
A2: Source: alikeaudience_data_test.csv (100,000 events, Dec 2022). Enriched by pipeline.py (geo, device, IP, time features).
A4: Key metrics
A5: Total events / unique users | B5: =Aggregates!B1 -> 100000
A6: Date range | B6: Dec 1 – Dec 31, 2022 (UTC)
A7: Countries covered | B7: =COUNTA(Aggregates!A5:A16) -> 12
A8: Top country | B8: =Aggregates!A5 -> Japan
A9: Top country share | B9: =Aggregates!B5/Aggregates!B1 -> 0.30244
A10: Android share | B10: =Aggregates!B21/Aggregates!B1 -> 0.9441
A11: In-app WebView share | B11: =(Aggregates!B43+Aggregates!B45)/Aggregates!B1 -> 0.91577
A12: Missing user agents | B12: =Aggregates!B2 -> 1909
A13: Non-routable IPs (DQ flag) | B13: =Aggregates!B3 -> 4192
A15: Key findings
A16: 1. Source column 'lat_long' is actually LONGITUDE LATITUDE — corrected in the enriched data.
A17: 2. Volume anomaly: Dec 6 spikes to ~6x baseline (12,987 vs ~2,100/day); second ramp Dec 28–31.
A18: 3. Traffic is 96% Android and 92% in-app WebView — this is SDK/in-app traffic, not browser traffic.
A19: 4. Data shows synthetic-generation signals: 4,192 non-routable IPs; only 13.2% of IPv6 in 2000::/3.
A20: 5. Geography is entirely East/SE Asia; Japan + Indonesia = 60% of events.
A22: Note: aggregate tables on the 'Aggregates' sheet are computed by pipeline.py over the full 100,000 rows; percentages and KPIs above are live formulas over those tables. 'Sample Data' holds the first 2,000 enriched rows; the full file is enriched_data.csv.

Sheet Aggregates
A1: TOTAL_EVENTS | B1: 100000 | D1: Source: computed by pipeline.py over all 100,000 rows of alikeaudience_data_test.csv.
A2: MISSING_UA | B2: 1909
A3: Country (top 12) | B3: 4192
A4: Country | B4: Events | C4: % of total
A5: Japan | B5: 30244 | C5: =B5/$B$1 -> 0.30244
A6: Indonesia | B6: 29994 | C6: =B6/$B$1 -> 0.29994
A7: South Korea | B7: 9845 | C7: =B7/$B$1 -> 0.09845
A8: Vietnam | B8: 7235 | C8: =B8/$B$1 -> 0.07235
A9: Thailand | B9: 6645 | C9: =B9/$B$1 -> 0.06645
A10: Philippines | B10: 5058 | C10: =B10/$B$1 -> 0.05058
A11: Taiwan | B11: 5055 | C11: =B11/$B$1 -> 0.05055
A12: Malaysia | B12: 3874 | C12: =B12/$B$1 -> 0.03874
A13: Singapore | B13: 1262 | C13: =B13/$B$1 -> 0.01262
A14: Hong Kong | B14: 223 | C14: =B14/$B$1 -> 0.00223
A15: Laos | B15: 221 | C15: =B15/$B$1 -> 0.00221
A16: Cambodia | B16: 118 | C16: =B16/$B$1 -> 0.00118
A19: Operating system
A20: OS | B20: Events | C20: % of total
A21: Android | B21: 94410 | C21: =B21/$B$1 -> 0.9441
A22: iOS | B22: 3664 | C22: =B22/$B$1 -> 0.03664
A23: (unknown / missing UA) | B23: 1911 | C23: =B23/$B$1 -> 0.01911
A24: macOS | B24: 15 | C24: =B24/$B$1 -> 0.00015
A27: Device brand (top 10)
A28: Brand | B28: Events | C28: % of total
A29: Samsung | B29: 55998 | C29: =B29/$B$1 -> 0.55998
A30: Motorola | B30: 13770 | C30: =B30/$B$1 -> 0.1377
A31: (other/unknown) | B31: 9557 | C31: =B31/$B$1 -> 0.09557
A32: Google | B32: 3959 | C32: =B32/$B$1 -> 0.03959
A33: Apple | B33: 3679 | C33: =B33/$B$1 -> 0.03679
A34: LG | B34: 3337 | C34: =B34/$B$1 -> 0.03337
A35: OnePlus | B35: 2169 | C35: =B35/$B$1 -> 0.02169
A36: Xiaomi | B36: 1985 | C36: =B36/$B$1 -> 0.01985
A37: T-Mobile | B37: 1196 | C37: =B37/$B$1 -> 0.01196
A38: TCL | B38: 544 | C38: =B38/$B$1 -> 0.00544
A41: Browser / WebView
A42: Browser | B42: Events | C42: % of total
A43: Android WebView | B43: 87934 | C43: =B43/$B$1 -> 0.87934
A44: (unknown / missing UA) | B44: 8369 | C44: =B44/$B$1 -> 0.08369
A45: iOS WebView | B45: 3643 | C45: =B45/$B$1 -> 0.03643
A46: Chrome | B46: 29 | C46: =B46/$B$1 -> 0.00029
A47: Safari | B47: 11 | C47: =B47/$B$1 -> 0.00011
A48: Opera | B48: 8 | C48: =B48/$B$1 -> 8e-05

Sheet Time
A1: Daily event volume — December 2022 | E1: Events by local hour (longitude-approximated)
A2: Date | B2: Events | E2: Local hour | F2: Events
A3: 2022-12-01 | B3: 2235 | E3: 0 | F3: 2197
A4: 2022-12-02 | B4: 3359 | E4: 1 | F4: 1802
A5: 2022-12-03 | B5: 2881 | E5: 2 | F5: 1524
A6: 2022-12-04 | B6: 3542 | E6: 3 | F6: 1411
A7: 2022-12-05 | B7: 3532 | E7: 4 | F7: 1423
A8: 2022-12-06 | B8: 12987 | E8: 5 | F8: 1929
A9: 2022-12-07 | B9: 8628 | E9: 6 | F9: 2839
A10: 2022-12-08 | B10: 4543 | E10: 7 | F10: 3409
A11: 2022-12-09 | B11: 6558 | E11: 8 | F11: 3652
A12: 2022-12-10 | B12: 2220 | E12: 9 | F12: 4198
A13: 2022-12-11 | B13: 2389 | E13: 10 | F13: 4980
A14: 2022-12-12 | B14: 2235 | E14: 11 | F14: 5377
... A26: 2022-12-24 | B26: 2019 | E26: 23 | F26: 2856
A27: 2022-12-25 | B27: 2097
A28: 2022-12-26 | B28: 1925
A29: 2022-12-27 | B29: 2114
A30: 2022-12-28 | B30: 2838
A31: 2022-12-29 | B31: 3153
A32: 2022-12-30 | B32: 4213
A33: 2022-12-31 | B33: 3971
A34: Total | B34: =SUM(B3:B33) -> 100000

Sheet Charts
A1: Distribution charts (data on 'Aggregates')

Sheet Sample Data
A1: user_id | B1: timestamp | C1: latitude | D1: longitude | E1: country | F1: nearest_city | G1: geo_confidence | H1: local_hour | I1: dow | J1: is_weekend | K1: ip_version | L1: ip_routable | M1: os_family | N1: os_version | O1: device_brand | P1: device_model | Q1: form_factor | R1: browser | S1: is_webview
A2: c975b38c-3520-4f2c-90d3-d2018f296673 | B2: 2022-12-18T01:14:56.000Z | C2: 35.88585 | D2: 139.96747 | E2: Japan | F2: Tokyo | G2: high | H2: 10 | I2: Sunday | J2: =TRUE() -> TRUE | K2: 6 | L2: =TRUE() -> TRUE | M2: iOS | N2: 15.6 | O2: Apple | P2: iPhone | Q2: phone | R2: iOS WebView | S2: =TRUE() -> TRUE
A3: e9ecf555-f2d2-4b57-b466-01918ee46f2d | B3: 2022-12-03T21:37:55.000Z | C3: 4.9872 | D3: 115.9241 | E3: Brunei | F3: Bandar Seri Begawan | G3: medium | H3: 5 | I3: Saturday | J3: =TRUE() -> TRUE | K3: 6 | L3: =TRUE() -> TRUE | M3: Android | N3: 12 | O3: LG | P3: LM-G900 | Q3: phone | R3: Android WebView | S3: =TRUE() -> TRUE
A4: 16ff6ea2-fad4-4395-bcb6-c3c407de6f1a | B4: 2022-12-07T01:07:23.000Z | C4: -6.0064116 | D4: 106.05228 | E4: Indonesia | F4: Tangerang | G4: high | H4: 8 | I4: Wednesday | J4: =FALSE() -> FALSE | K4: 6 | L4: =TRUE() -> TRUE | M4: Android | N4: 10 | O4: Nokia | P4: Nokia C5 Endi | Q4: phone | R4: Android WebView | S4: =TRUE() -> TRUE
A5: 8151fee2-9eb6-4e22-896f-dea112ec4aae | B5: 2022-12-06T03:36:24.000Z | C5: 14.620271 | D5: 121.05059 | E5: Philippines | F5: Quezon City | G5: high | H5: 11 | I5: Tuesday | J5: =FALSE() -> FALSE | K5: 4 | L5: =TRUE() -> TRUE | M5: Android | N5: 11 | O5: Motorola | P5: moto g stylus (2021 | Q5: phone | R5: Android WebView | S5: =TRUE() -> TRUE
A6: 830a7900-b021-44de-aeb6-1daedf1e9d3f | B6: 2022-12-06T03:14:33.000Z | C6: -6.26 | D6: 106.81 | E6: Indonesia | F6: Jakarta | G6: high | H6: 10 | I6: Tuesday | J6: =FALSE() -> FALSE | K6: 6 | L6: =FALSE() -> FALSE | M6: Android | N6: 10 | O6: Samsung | P6: SM-G960U1 | Q6: phone | R6: Android WebView | S6: =TRUE() -> TRUE
A7: 874a423a-4a25-4f04-bf8a-4ed4dc4e4dbe | B7: 2022-12-03T20:04:53.000Z | C7: 37.186316 | D7: 127.0947 | E7: South Korea | F7: Seoul | G7: high | H7: 4 | I7: Saturday | J7: =TRUE() -> TRUE | K7: 4 | L7: =TRUE() -> TRUE | M7: Android | N7: 12 | O7: Samsung | P7: SM-S136DL | Q7: phone | R7: Android WebView | S7: =TRUE() -> TRUE
A8: 4014c63c-0e3e-4b8f-ae2a-439a4e341e9f | B8: 2022-12-01T08:33:53.000Z | C8: 33.529966 | D8: 130.44087 | E8: Japan | F8: Fukuoka | G8: high | H8: 17 | I8: Thursday | J8: =FALSE() -> FALSE | K8: 4 | L8: =TRUE() -> TRUE | M8: Android | N8: 12 | O8: Motorola | P8: moto g stylus 5G | Q8: phone | R8: Android WebView | S8: =TRUE() -> TRUE
A9: cb49dbdc-e390-4b20-8221-a1852b03e339 | B9: 2022-12-03T02:40:32.000Z | C9: 34.90845 | D9: 136.02075 | E9: Japan | F9: Kyoto | G9: high | H9: 11 | I9: Saturday | J9: =TRUE() -> TRUE | K9: 4 | L9: =TRUE() -> TRUE | M9: Android | N9: 10 | O9: Motorola | P9: moto g stylus | Q9: phone | R9: Android WebView | S9: =TRUE() -> TRUE
A10: be79c991-34c2-451e-aec8-9c6ad3b26adf | B10: 2022-12-31T19:39:40.000Z | C10: 32.832993 | D10: 129.98848 | E10: Japan | F10: Kumamoto | G10: high | H10: 4 | I10: Saturday | J10: =TRUE() -> TRUE | K10: 4 | L10: =TRUE() -> TRUE | M10: Android | N10: 10 | O10: Samsung | P10: SM-G965U | Q10: phone | R10: Android WebView | S10: =TRUE() -> TRUE
A11: 5f9985f5-79b1-462e-a069-ce24d784aa0c | B11: 2022-12-06T01:51:17.000Z | C11: -6.2599792 | D11: 106.45239 | E11: Indonesia | F11: Tangerang | G11: high | H11: 8 | I11: Tuesday | J11: =FALSE() -> FALSE | K11: 4 | L11: =TRUE() -> TRUE | M11: Android | N11: 10.0 | O11: Samsung | P11: SM-N970x | Q11: phone | R11: Android WebView | S11: =TRUE() -> TRUE
A12: ff22f1ae-7e25-4483-9ac4-91f615a1d487 | B12: 2022-12-15T04:40:46.000Z | C12: 15.039403 | D12: 120.65489 | E12: Philippines | F12: Angeles | G12: high | H12: 12 | I12: Thursday | J12: =FALSE() -> FALSE | K12: 4 | L12: =TRUE() -> TRUE | M12: Android | N12: 12 | O12: Motorola | P12: moto g power (2022 | Q12: phone | R12: Android WebView | S12: =TRUE() -> TRUE
A13: c4df96d6-8a8c-45f0-8e69-e8dd09ec4ae9 | B13: 2022-12-01T14:18:08.000Z | C13: 35.002282 | D13: 136.01164 | E13: Japan | F13: Kyoto | G13: high | H13: 23 | I13: Thursday | J13: =FALSE() -> FALSE | K13: 4 | L13: =TRUE() -> TRUE | M13: Android | N13: 12 | O13: Samsung | P13: SM-X200 | Q13: tablet | R13: Android WebView | S13: =TRUE() -> TRUE
A14: f9cf6816-6f70-49b4-9b96-190d720df61a | B14: 2022-12-23T02:52:12.000Z | C14: 36.35846 | D14: 127.30386 | E14: South Korea | F14: Daejeon | G14: high | H14: 10 | I14: Friday | J14: =FALSE() -> FALSE | K14: 4 | L14: =TRUE() -> TRUE | M14: Android | N14: 11 | O14: Samsung | P14: SM-S102DL | Q14: phone | R14: Android WebView | S14: =TRUE() -> TRUE
A15: 79eaa73f-88b0-468d-92b7-016a2526ee27 | B15: 2022-12-21T07:29:49.000Z | C15: 38.31734 | D15: 140.82515 | E15: Japan | F15: Sendai | G15: high | H15: 16 | I15: Wednesday | J15: =FALSE() -> FALSE | K15: 4 | L15: =TRUE() -> TRUE | M15: Android | N15: 11 | P15: SHIELD Android TV | Q15: phone | R15: Android WebView | S15: =TRUE() -> TRUE
A16: 80a4d159-4b46-4587-86dd-009ab71987b5 | B16: 2022-12-02T10:14:23.000Z | C16: 5.21124 | D16: 100.51806 | E16: Malaysia | F16: George Town | G16: high | H16: 17 | I16: Friday | J16: =FALSE() -> FALSE | K16: 6 | L16: =TRUE() -> TRUE | M16: Android | N16: 12 | O16: Samsung | P16: SM-A125U1 | Q16: phone | R16: Android WebView | S16: =TRUE() -> TRUE
A17: 9597a2a3-bd72-44f4-9bc6-1ee928b4b202 | B17: 2022-12-06T02:00:08.000Z | C17: -2.73 | D17: 104.71 | E17: Indonesia | F17: Palembang | G17: high | H17: 9 | I17: Tuesday | J17: =FALSE() -> FALSE | K17: 4 | L17: =TRUE() -> TRUE | M17: Android | N17: 12 | O17: Samsung | P17: SM-A115F | Q17: tablet | S17: =FALSE() -> FALSE
A18: 25b87d12-e478-4ff0-9887-b8c0ddd62fd8 | B18: 2022-12-10T01:02:03.000Z | C18: 32.514157 | D18: 130.59542 | E18: Japan | F18: Kumamoto | G18: high | H18: 10 | I18: Saturday | J18: =TRUE() -> TRUE | K18: 4 | L18: =TRUE() -> TRUE | M18: Android | N18: 11 | O18: Motorola | P18: motorola one 5G ace | Q18: phone | R18: Android WebView | S18: =TRUE() -> TRUE
A19: af8a2ee8-ee2f-4602-9e7b-4db45b168529 | B19: 2022-12-08T22:05:58.000Z | C19: 22.667648 | D19: 120.51638 | E19: Taiwan | F19: Kaohsiung | G19: high | H19: 6 | I19: Thursday | J19: =FALSE() -> FALSE | K19: 6 | L19: =TRUE() -> TRUE | M19: iOS | N19: 16.1 | O19: Apple | P19: iPhone | Q19: phone | R19: iOS WebView | S19: =TRUE() -> TRUE
A20: 33f0ab12-8f30-4284-96f7-52e9bc2153ee | B20: 2022-12-06T11:16:20.000Z | C20: -5.10306 | D20: 119.5329 | E20: Indonesia | F20: Makassar | G20: high | H20: 19 | I20: Tuesday | J20: =FALSE() -> FALSE | K20: 6 | L20: =TRUE() -> TRUE | M20: Android | N20: 11 | O20: Samsung | P20: SM-T727U | Q20: tablet | R20: Android WebView | S20: =TRUE() -> TRUE
A21: ccb4d708-1ee2-4983-afc0-97a09b8250d0 | B21: 2022-12-31T11:46:35.000Z | C21: 8.624603 | D21: 98.814514 | E21: Thailand | F21: Surat Thani | G21: high | H21: 18 | I21: Saturday | J21: =TRUE() -> TRUE | K21: 4 | L21: =TRUE() -> TRUE | M21: Android | N21: 6.0.1 | O21: Samsung | P21: SM-S727VL | Q21: phone | R21: Android WebView | S21: =TRUE() -> TRUE
A22: 42baf84e-445e-4b8d-aaff-76b3d539f51f | B22: 2022-12-07T17:04:22.000Z | C22: -6.238845 | D22: 107.11587 | E22: Indonesia | F22: Bekasi | G22: high | H22: 0 | I22: Wednesday | J22: =FALSE() -> FALSE | K22: 4 | L22: =TRUE() -> TRUE | M22: Android | N22: 11 | O22: Motorola | P22: moto g play (2021 | Q22: phone | R22: Android WebView | S22: =TRUE() -> TRUE
A23: 80a38540-c3e6-46c4-94d8-9d664beccb9a | B23: 2022-12-08T01:34:48.000Z | C23: 35.592602 | D23: 139.33281 | E23: Japan | F23: Tokyo | G23: high | H23: 10 | I23: Thursday | J23: =FALSE() -> FALSE | K23: 6 | L23: =TRUE() -> TRUE | M23: Android | N23: 10 | O23: Samsung | P23: SM-N960U | Q23: phone | R23: Android WebView | S23: =TRUE() -> TRUE
A24: fdefcc25-f13e-477e-bba6-a4eac5a0d55f | B24: 2022-12-06T03:49:56.000Z | C24: -6.6 | D24: 106.81 | E24: Indonesia | F24: Depok | G24: high | H24: 10 | I24: Tuesday | J24: =FALSE() -> FALSE | K24: 6 | L24: =TRUE() -> TRUE | M24: Android | N24: 10 | O24: Samsung | P24: SM-N960U | Q24: phone | R24: Android WebView | S24: =TRUE() -> TRUE
A25: aba97b4f-2289-4e54-8e29-5f871bb177f6 | B25: 2022-12-09T03:48:52.000Z | C25: -7.4618144 | D25: 110.27132 | E25: Indonesia | F25: Yogyakarta | G25: high | H25: 10 | I25: Friday | J25: =FALSE() -> FALSE | K25: 4 | L25: =TRUE() -> TRUE | M25: Android | N25: 10 | O25: Samsung | P25: SM-A750FN | Q25: phone | R25: Android WebView | S25: =TRUE() -> TRUE
A26: 4bae464b-829a-460a-993e-558e25e386ba | B26: 2022-12-06T07:10:44.000Z | C26: -7.01 | D26: 110.44 | E26: Indonesia | F26: Semarang | G26: high | H26: 14 | I26: Tuesday | J26: =FALSE() -> FALSE | K26: 4 | L26: =TRUE() -> TRUE | M26: Android | N26: 10 | O26: Motorola | P26: motorola one action | Q26: phone | R26: Android WebView | S26: =TRUE() -> TRUE
A27: 82831357-18b1-49e4-9114-216a8016cbbf | B27: 2022-12-04T04:14:10.000Z | C27: 10.53999 | D27: 105.41629 | E27: Vietnam | F27: Can Tho | G27: high | H27: 11 | I27: Sunday | J27: =TRUE() -> TRUE | K27: 6 | L27: =TRUE() -> TRUE | M27: Android | N27: 12 | O27: Samsung | P27: SM-A715F | Q27: phone | R27: Android WebView | S27: =TRUE() -> TRUE
A28: 53036164-5118-4645-b570-e7203e7e1b0c | B28: 2022-12-24T15:16:16.000Z | C28: 13.695084 | D28: 100.65299 | E28: Thailand | F28: Bangkok | G28: high | H28: 22 | I28: Saturday | J28: =TRUE() -> TRUE | K28: 6 | L28: =TRUE() -> TRUE | M28: Android | N28: 13 | O28: Samsung | P28: SM-A536V | Q28: phone | R28: Android WebView | S28: =TRUE() -> TRUE
A29: c143d0d2-6472-45c7-a5c5-16836e166c0e | B29: 2022-12-03T12:54:49.000Z | C29: 1.44887 | D29: 103.78687 | E29: Malaysia | F29: Johor Bahru | G29: high | H29: 19 | I29: Saturday | J29: =TRUE() -> TRUE | K29: 4 | L29: =TRUE() -> TRUE | M29: Android | N29: 12 | O29: Samsung | P29: SM-G970U | Q29: phone | R29: Android WebView | S29: =TRUE() -> TRUE
A30: 1f1f0044-953c-4934-86c3-7308bc44af4a | B30: 2022-12-24T10:49:41.000Z | C30: 13.73058 | D30: 100.45112 | E30: Thailand | F30: Bangkok | G30: high | H30: 17 | I30: Saturday | J30: =TRUE() -> TRUE | K30: 6 | L30: =TRUE() -> TRUE | M30: Android | N30: 11 | O30: Motorola | P30: moto g stylus (2022 | Q30: phone | R30: Android WebView | S30: =TRUE() -> TRUE
A31: 072b60cd-2c4a-491f-81d0-14a354e083c9 | B31: 2022-12-07T20:56:57.000Z | C31: -6.18 | D31: 106.83 | E31: Indonesia | F31: Jakarta | G31: high | H31: 3 | I31: Wednesday | J31: =FALSE() -> FALSE | K31: 6 | L31: =TRUE() -> TRUE | M31: Android | N31: 13 | O31: Samsung | P31: SM-G986U | Q31: phone | R31: Android WebView | S31: =TRUE() -> TRUE
A32: 3f761322-d525-4f0c-825a-0ae5ece2ac4f | B32: 2022-12-08T02:17:09.000Z | C32: 35.573482 | D32: 139.59973 | E32: Japan | F32: Tokyo | G32: high | H32: 11 | I32: Thursday | J32: =FALSE() -> FALSE | K32: 4 | L32: =TRUE() -> TRUE | M32: Android | N32: 11 | O32: Motorola | P32: moto g power (2021 | Q32: phone | R32: Android WebView | S32: =TRUE() -> TRUE
A33: ac416129-e00b-46c2-8771-f4d179f86ee0 | B33: 2022-12-19T17:18:17.000Z | C33: 34.75362 | D33: 135.33804 | E33: Japan | F33: Kobe | G33: high | H33: 2 | I33: Monday | J33: =FALSE() -> FALSE | K33: 6 | L33: =TRUE() -> TRUE | M33: Android | N33: 13 | O33: Samsung | P33: SM-S908U1 | Q33: phone | R33: Android WebView | S33: =TRUE() -> TRUE
A34: 8236f060-db9a-47a0-9b3d-1558234dd106 | B34: 2022-12-29T03:43:33.000Z | C34: 12.692835 | D34: 108.06519 | E34: Vietnam | F34: Buon Ma Thuot | G34: high | H34: 10 | I34: Thursday | J34: =FALSE() -> FALSE | K34: 6 | L34: =TRUE() -> TRUE | M34: Android | N34: 9 | O34: Xiaomi | P34: Redmi Note 8 MIUI/V11.0.12.0.PCOMIXM | Q34: tablet | S34: =FALSE() -> FALSE
A35: f34fcf85-644e-4d4f-8d7d-05c82817c87d | B35: 2022-12-01T12:18:39.000Z | C35: 34.297925 | D35: 134.10006 | E35: Japan | F35: Okayama | G35: high | H35: 21 | I35: Thursday | J35: =FALSE() -> FALSE | K35: 4 | L35: =TRUE() -> TRUE | M35: Android | N35: 8.1.0 | O35: LG | P35: LM-Q710(FGN | Q35: phone | R35: Android WebView | S35: =TRUE() -> TRUE
A36: aa852a01-3440-457d-859d-6560286a56a9 | B36: 2022-12-17T03:34:45.000Z | C36: 13.83477 | D36: 100.64961 | E36: Thailand | F36: Bangkok | G36: high | H36: 10 | I36: Saturday | J36: =TRUE() -> TRUE | K36: 4 | L36: =TRUE() -> TRUE | M36: Android | N36: 11 | O36: Infinix | P36: Infinix X688B | Q36: phone | R36: Android WebView | S36: =TRUE() -> TRUE
A37: b139f7d2-15ab-4286-8815-610aaccdf160 | B37: 2022-12-16T08:22:29.000Z | C37: -7.637132 | D37: 111.27954 | E37: Indonesia | F37: Surakarta | G37: high | H37: 15 | I37: Friday | J37: =FALSE() -> FALSE | K37: 4 | L37: =TRUE() -> TRUE | M37: Android | N37: 12 | O37: Samsung | P37: SM-G975U | Q37: phone | R37: Android WebView | S37: =TRUE() -> TRUE
A38: 63e1221c-3cb3-454f-8ece-7f9ca5ce7a64 | B38: 2022-12-06T07:23:57.000Z | C38: -7.847499 | D38: 110.36623 | E38: Indonesia | F38: Yogyakarta | G38: high | H38: 14 | I38: Tuesday | J38: =FALSE() -> FALSE | K38: 4 | L38: =TRUE() -> TRUE | M38: Android | N38: 13 | O38: Samsung | P38: SM-G998U | Q38: phone | R38: Android WebView | S38: =TRUE() -> TRUE
A39: 8221286d-7b06-4907-b5e7-b2c1c077d769 | B39: 2022-12-07T05:40:09.000Z | C39: 43.008161 | D39: 141.47316 | E39: Japan | F39: Sapporo | G39: high | H39: 14 | I39: Wednesday | J39: =FALSE() -> FALSE | K39: 6 | L39: =TRUE() -> TRUE | M39: Android | N39: 10 | O39: Samsung | P39: SM-G965U | Q39: phone | R39: Android WebView | S39: =TRUE() -> TRUE
A40: d0c3eaa5-9ce9-4ff0-b44c-b2b4e36f47fa | B40: 2022-12-09T03:00:37.000Z | C40: 35.748008 | D40: 139.68476 | E40: Japan | F40: Tokyo | G40: high | H40: 12 | I40: Friday | J40: =FALSE() -> FALSE | K40: 4 | L40: =TRUE() -> TRUE | M40: Android | N40: 12 | O40: Samsung | P40: SM-N986U | Q40: phone | R40: Android WebView | S40: =TRUE() -> TRUE
A41: bb369116-4b55-44be-b8e6-d7b659afb9b1 | B41: 2022-12-30T11:20:48.000Z | C41: 32.85031 | D41: 130.77022 | E41: Japan | F41: Kumamoto | G41: high | H41: 20 | I41: Friday | J41: =FALSE() -> FALSE | K41: 4 | L41: =TRUE() -> TRUE | M41: Android | N41: 10 | P41: DL1036 | Q41: tablet | R41: Android WebView | S41: =TRUE() -> TRUE
A42: bdeabc57-e9e5-4f52-93d4-481d196ddc87 | B42: 2022-12-20T17:21:34.000Z | C42: 13.853147 | D42: 100.69852 | E42: Thailand | F42: Bangkok | G42: high | H42: 0 | I42: Tuesday | J42: =FALSE() -> FALSE | K42: 6 | L42: =TRUE() -> TRUE | M42: Android | N42: 12 | O42: Motorola | P42: moto g stylus 5G | Q42: phone | R42: Android WebView | S42: =TRUE() -> TRUE
A43: 1fbb0306-1053-4163-a503-99eb4acafb94 | B43: 2022-12-22T06:33:37.000Z | C43: 36.489125 | D43: 138.13676 | E43: Japan | F43: Kanazawa | G43: medium | H43: 15 | I43: Thursday | J43: =FALSE() -> FALSE | K43: 6 | L43: =TRUE() -> TRUE | M43: Android | N43: 9 | O43: Motorola | P43: moto e6 | Q43: phone | R43: Android WebView | S43: =TRUE() -> TRUE
A44: 2aec1fe5-3c8e-4fa1-b9ff-5e66bb214cd7 | B44: 2022-12-01T14:53:49.000Z | C44: -6.969241 | D44: 108.45439 | E44: Indonesia | F44: Bandung | G44: high | H44: 21 | I44: Thursday | J44: =FALSE() -> FALSE | K44: 6 | L44: =TRUE() -> TRUE | M44: Android | N44: 13 | O44: Google | P44: Pixel 6 Pro | Q44: phone | R44: Android WebView | S44: =TRUE() -> TRUE
A45: 8a587f78-4071-46d7-8edf-54f3367f776b | B45: 2022-12-04T01:42:05.000Z | C45: 20.757566 | D45: 106.68754 | E45: Vietnam | F45: Haiphong | G45: high | H45: 8 | I45: Sunday | J45: =TRUE() -> TRUE | K45: 4 | L45: =TRUE() -> TRUE | M45: iOS | N45: 16.2 | O45: Apple | P45: iPad | Q45: tablet | R45: iOS WebView | S45: =TRUE() -> TRUE
A46: f3c59e73-3b9b-4e29-8aba-b51ab203e559 | B46: 2022-12-17T05:34:33.000Z | C46: 25.059353 | D46: 121.53307 | E46: Taiwan | F46: Taipei | G46: high | H46: 13 | I46: Saturday | J46: =TRUE() -> TRUE | K46: 4 | L46: =TRUE() -> TRUE | M46: Android | N46: 11 | O46: Samsung | P46: SM-S124DL | Q46: phone | R46: Android WebView | S46: =TRUE() -> TRUE
A47: 06d98f54-521c-462d-9888-87cab6770421 | B47: 2022-12-31T06:35:42.000Z | C47: 36.6304 | D47: 139.04382 | E47: Japan | F47: Tokyo | G47: medium | H47: 15 | I47: Saturday | J47: =TRUE() -> TRUE | K47: 6 | L47: =TRUE() -> TRUE | M47: Android | N47: 12 | O47: OnePlus | P47: DE2118 | Q47: phone | R47: Android WebView | S47: =TRUE() -> TRUE
A48: 1eb82a7d-0ec0-4058-9068-e4a324c6c23a | B48: 2022-12-06T13:52:17.000Z | C48: -6.238768 | D48: 106.47594 | E48: Indonesia | F48: Tangerang | G48: high | H48: 20 | I48: Tuesday | J48: =FALSE() -> FALSE | K48: 4 | L48: =TRUE() -> TRUE | M48: Android | N48: 8.1.0 | O48: Samsung | P48: SM-T580 | Q48: tablet | R48: Android WebView | S48: =TRUE() -> TRUE
A49: caf092f2-1d4f-449d-9e26-e726570f501f | B49: 2022-12-06T11:35:44.000Z | C49: -5.15 | D49: 119.43 | E49: Indonesia | F49: Makassar | G49: high | H49: 19 | I49: Tuesday | J49: =FALSE() -> FALSE | K49: 4 | L49: =TRUE() -> TRUE | M49: Android | N49: 11 | O49: Motorola | P49: moto g power (2021 | Q49: phone | R49: Android WebView | S49: =TRUE() -> TRUE
A50: d5c7360f-9719-46af-b24f-4d0cf69dd05c | B50: 2022-12-06T10:55:20.000Z | C50: -6.247007 | D50: 106.85324 | E50: Indonesia | F50: Jakarta | G50: high | H50: 17 | I50: Tuesday | J50: =FALSE() -> FALSE | K50: 6 | L50: =TRUE() -> TRUE | M50: Android | N50: 12 | O50: Samsung | P50: SM-A326U | Q50: phone | R50: Android WebView | S50: =TRUE() -> TRUE
A51: 8434f14b-413c-49ac-b25a-e27494609465 | B51: 2022-12-18T09:28:21.000Z | C51: 3.239877 | D51: 101.71823 | E51: Malaysia | F51: Kuala Lumpur | G51: high | H51: 16 | I51: Sunday | J51: =TRUE() -> TRUE | K51: 4 | L51: =TRUE() -> TRUE | M51: Android | N51: 11 | P51: 5062Z | Q51: phone | R51: Android WebView | S51: =TRUE() -> TRUE
A52: a9ab0a50-8e45-40ed-bf38-7155c8095477 | B52: 2022-12-06T08:00:18.000Z | C52: -7.0084853 | D52: 108.99179 | E52: Indonesia | F52: Bandung | G52: medium | H52: 15 | I52: Tuesday | J52: =FALSE() -> FALSE | K52: 4 | L52: =TRUE() -> TRUE | M52: Android | N52: 9 | O52: Samsung | P52: SM-N950U | Q52: phone | R52: Android WebView | S52: =TRUE() -> TRUE
A53: 9ae740d5-308d-416d-90a3-c96dab871a5d | B53: 2022-12-10T15:37:43.000Z | C53: 1.1110251 | D53: 103.94922 | E53: Indonesia | F53: Batam | G53: high | H53: 22 | I53: Saturday | J53: =TRUE() -> TRUE | K53: 4 | L53: =TRUE() -> TRUE | M53: Android | N53: 12 | O53: Samsung | P53: SM-G975U | Q53: tablet | S53: =FALSE() -> FALSE
A54: cf13b32a-4fde-4f4e-a223-5c6c3d532835 | B54: 2022-12-17T02:43:34.000Z | C54: 9.787187 | D54: 99.965028 | E54: Thailand | F54: Surat Thani | G54: medium | H54: 9 | I54: Saturday | J54: =TRUE() -> TRUE | K54: 6 | L54: =TRUE() -> TRUE | M54: Android | N54: 9 | P54: 5032W | Q54: phone | R54: Android WebView | S54: =TRUE() -> TRUE
A55: fe51f539-57a6-474d-b649-374b420d6260 | B55: 2022-12-05T00:11:39.000Z | C55: 13.675788 | D55: 100.5349 | E55: Thailand | F55: Bangkok | G55: high | H55: 7 | I55: Monday | J55: =FALSE() -> FALSE | K55: 6 | L55: =TRUE() -> TRUE | M55: Android | N55: 11 | O55: T-Mobile | P55: TMRVL4G | Q55: phone | R55: Android WebView | S55: =TRUE() -> TRUE
A56: 9cb67c27-4cb5-4eea-a5b5-000d2feca2f6 | B56: 2022-12-06T05:38:16.000Z | C56: 19.814524 | D56: 105.76111 | E56: Vietnam | F56: Vinh | G56: medium | H56: 12 | I56: Tuesday | J56: =FALSE() -> FALSE | K56: 4 | L56: =TRUE() -> TRUE | M56: Android | N56: 12 | O56: Samsung | P56: SM-A135U | Q56: phone | R56: Android WebView | S56: =TRUE() -> TRUE
A57: 1fe80d43-3c33-4424-8926-422e3e552474 | B57: 2022-12-17T12:05:31.000Z | C57: 14.539505 | D57: 121.11375 | E57: Philippines | F57: Manila | G57: high | H57: 20 | I57: Saturday | J57: =TRUE() -> TRUE | K57: 6 | L57: =TRUE() -> TRUE | M57: Android | N57: 11 | O57: Samsung | P57: SM-A025U | Q57: phone | R57: Android WebView | S57: =TRUE() -> TRUE
A58: af42ca3b-24bf-4f88-be47-4b2927873fb0 | B58: 2022-12-15T00:06:54.000Z | C58: 14.975348 | D58: 102.95508 | E58: Thailand | F58: Nakhon Ratchasima | G58: high | H58: 7 | I58: Thursday | J58: =FALSE() -> FALSE | K58: 4 | L58: =TRUE() -> TRUE | M58: Android | N58: 12 | O58: LG | P58: LM-V600 | Q58: phone | R58: Android WebView | S58: =TRUE() -> TRUE
A59: c67c7bd6-1396-433c-bc4c-f4e229505d1d | B59: 2022-12-12T09:07:00.000Z | C59: 33.813164 | D59: 130.95155 | E59: Japan | F59: Fukuoka | G59: high | H59: 18 | I59: Monday | J59: =FALSE() -> FALSE | K59: 4 | L59: =TRUE() -> TRUE | M59: iOS | N59: 15.6 | O59: Apple | P59: iPad | Q59: tablet | R59: iOS WebView | S59: =TRUE() -> TRUE
A60: 46714aa4-6805-426c-a600-73b9a6efca3e | B60: 2022-12-18T15:16:43.000Z | C60: 43.823925 | D60: 143.89412 | E60: Japan | F60: Sapporo | G60: medium | H60: 1 | I60: Sunday | J60: =TRUE() -> TRUE | K60: 4 | L60: =TRUE() -> TRUE | M60: iOS | N60: 12.5 | O60: Apple | P60: iPhone | Q60: phone | R60: iOS WebView | S60: =TRUE() -> TRUE
A61: cba51636-9df3-42bc-9775-770314411f64 | B61: 2022-12-28T03:32:20.000Z | C61: 34.72452 | D61: 132.62333 | E61: Japan | F61: Hiroshima | G61: high | H61: 12 | I61: Wednesday | J61: =FALSE() -> FALSE | K61: 4 | L61: =FALSE() -> FALSE | M61: Android | N61: 9 | P61: GTKing | Q61: tablet | R61: Android WebView | S61: =TRUE() -> TRUE
A62: 22a0c5cb-5747-4c7a-b185-fe0210668705 | B62: 2022-12-02T09:51:38.000Z | C62: 40.81655 | D62: 140.7629 | E62: Japan | F62: Aomori | G62: high | H62: 18 | I62: Friday | J62: =FALSE() -> FALSE | K62: 6 | L62: =TRUE() -> TRUE | M62: Android | N62: 8.1.0 | O62: Samsung | P62: SM-T378V | Q62: phone | R62: Android WebView | S62: =TRUE() -> TRUE
A63: 1d36bbf0-d915-4c19-9eed-cb2c980e0dac | B63: 2022-12-13T08:46:36.000Z | C63: 24.018903 | D63: 120.51578 | E63: Taiwan | F63: Taichung | G63: high | H63: 16 | I63: Tuesday | J63: =FALSE() -> FALSE | K63: 4 | L63: =TRUE() -> TRUE | M63: Android | N63: 9 | O63: Samsung | P63: SM-A207F | Q63: tablet | S63: =FALSE() -> FALSE
A64: 057693d1-3a56-46f3-ac38-269e3a4ab584 | B64: 2022-12-16T07:11:34.000Z | C64: 35.822609 | D64: 128.52053 | E64: South Korea | F64: Daegu | G64: high | H64: 16 | I64: Friday | J64: =FALSE() -> FALSE | K64: 6 | L64: =TRUE() -> TRUE | M64: Android | N64: 12 | O64: Samsung | P64: SM-G970U | Q64: phone | R64: Android WebView | S64: =TRUE() -> TRUE
A65: 0dfad6a9-e790-46d8-9900-237834f5f6e0 | B65: 2022-12-14T10:10:16.000Z | C65: 14.56736 | D65: 121.20537 | E65: Philippines | F65: Quezon City | G65: high | H65: 18 | I65: Wednesday | J65: =FALSE() -> FALSE | K65: 6 | L65: =TRUE() -> TRUE | M65: Android | N65: 11 | O65: Samsung | P65: SM-A125F | Q65: tablet | S65: =FALSE() -> FALSE
A66: 66bb817c-7224-4e17-a78d-b134ea521005 | B66: 2022-12-10T17:59:37.000Z | C66: 35.07393 | D66: 136.65816 | E66: Japan | F66: Nagoya | G66: high | H66: 2 | I66: Saturday | J66: =TRUE() -> TRUE | K66: 4 | L66: =TRUE() -> TRUE | M66: Android | N66: 12 | O66: Samsung | P66: SM-A426U | Q66: phone | R66: Android WebView | S66: =TRUE() -> TRUE
A67: ea7a23ad-b4e3-4b57-8c03-eaea47faa26d | B67: 2022-12-06T08:45:49.000Z | C67: -1.2794949 | D67: 116.83212 | E67: Indonesia | F67: Balikpapan | G67: high | H67: 16 | I67: Tuesday | J67: =FALSE() -> FALSE | K67: 6 | L67: =TRUE() -> TRUE | M67: Android | N67: 10 | P67: 9032Z | Q67: phone | R67: Android WebView | S67: =TRUE() -> TRUE
A68: 546219b7-728e-4560-b1f5-a646b75d00d5 | B68: 2022-12-06T11:40:09.000Z | C68: -7.5387506 | D68: 110.7957 | E68: Indonesia | F68: Surakarta | G68: high | H68: 18 | I68: Tuesday | J68: =FALSE() -> FALSE | K68: 4 | L68: =TRUE() -> TRUE | M68: Android | N68: 12 | O68: Samsung | P68: SM-S326DL | Q68: phone | R68: Android WebView | S68: =TRUE() -> TRUE
A69: 502524b6-4604-4d53-8a09-105d15ca18a3 | B69: 2022-12-09T22:11:51.000Z | C69: 16.61596 | D69: 102.9336 | E69: Thailand | F69: Khon Kaen | G69: high | H69: 5 | I69: Friday | J69: =FALSE() -> FALSE | K69: 6 | L69: =TRUE() -> TRUE | M69: Android | N69: 13 | O69: Samsung | P69: SM-S901U | Q69: phone | R69: Android WebView | S69: =TRUE() -> TRUE
A70: 6ce1c47f-97b7-4547-b869-97229ab466fd | B70: 2022-12-17T05:32:03.000Z | C70: 13.78416 | D70: 100.39855 | E70: Thailand | F70: Bangkok | G70: high | H70: 12 | I70: Saturday | J70: =TRUE() -> TRUE | K70: 6 | L70: =TRUE() -> TRUE | M70: Android | N70: 9 | O70: LG | P70: LM-G710VM | Q70: phone | R70: Android WebView | S70: =TRUE() -> TRUE
A71: 334b994a-69e4-4cbe-9371-2dc0c5773200 | B71: 2022-12-21T02:12:18.000Z | C71: 13.749557 | D71: 100.78536 | E71: Thailand | F71: Bangkok | G71: high | H71: 9 | I71: Wednesday | J71: =FALSE() -> FALSE | K71: 4 | L71: =TRUE() -> TRUE | M71: Android | N71: 9 | O71: Samsung | P71: SM-G970U1 | Q71: phone | R71: Android WebView | S71: =TRUE() -> TRUE
A72: 1116e550-98f2-4f2b-afa6-a3d85411e175 | B72: 2022-12-07T16:02:01.000Z | C72: -6.21 | D72: 106.85 | E72: Indonesia | F72: Jakarta | G72: high | H72: 23 | I72: Wednesday | J72: =FALSE() -> FALSE | K72: 6 | L72: =TRUE() -> TRUE | M72: Android | N72: 12 | O72: Samsung | P72: SM-G986U | Q72: phone | R72: Android WebView | S72: =TRUE() -> TRUE
A73: d01c60cd-482f-4c09-8e59-aacb1bbef0f0 | B73: 2022-12-21T23:48:49.000Z | C73: -5.15123 | D73: 119.44478 | E73: Indonesia | F73: Makassar | G73: high | H73: 7 | I73: Wednesday | J73: =FALSE() -> FALSE | K73: 4 | L73: =TRUE() -> TRUE | M73: Android | N73: 13 | O73: Samsung | P73: SM-G991U | Q73: phone | R73: Android WebView | S73: =TRUE() -> TRUE
A74: 95cf1b0d-79a3-4f7b-91a8-63db5f98a3cf | B74: 2022-12-13T11:57:18.000Z | C74: 35.37397 | D74: 136.26187 | E74: Japan | F74: Kyoto | G74: high | H74: 20 | I74: Tuesday | J74: =FALSE() -> FALSE | K74: 4 | L74: =TRUE() -> TRUE | M74: Android | N74: 12 | O74: Xiaomi | P74: M2007J17C | Q74: phone | R74: Android WebView | S74: =TRUE() -> TRUE
A75: 672411da-9f3d-4892-be06-58fb9a9787dd | B75: 2022-12-06T12:22:55.000Z | C75: 42.719697 | D75: 142.12127 | E75: Japan | F75: Sapporo | G75: high | H75: 21 | I75: Tuesday | J75: =FALSE() -> FALSE | K75: 6 | L75: =TRUE() -> TRUE | M75: Android | N75: 9 | O75: Samsung | P75: SM-G950U | Q75: phone | R75: Android WebView | S75: =TRUE() -> TRUE
A76: 854a0c77-e49a-4d5f-b6d8-d5be85ecae46 | B76: 2022-12-18T03:38:24.000Z | C76: 35.1588 | D76: 136.88431 | E76: Japan | F76: Nagoya | G76: high | H76: 12 | I76: Sunday | J76: =TRUE() -> TRUE | K76: 6 | L76: =TRUE() -> TRUE | M76: Android | N76: 10 | P76: Z6250CC | Q76: phone | R76: Android WebView | S76: =TRUE() -> TRUE
A77: da35c764-5561-46fe-85b4-56361437059d | B77: 2022-12-07T02:37:53.000Z | C77: -7.26 | D77: 112.75 | E77: Indonesia | F77: Surabaya | G77: high | H77: 10 | I77: Wednesday | J77: =FALSE() -> FALSE | K77: 6 | L77: =TRUE() -> TRUE | M77: Android | N77: 12 | O77: Samsung | P77: SM-A325F | Q77: tablet | S77: =FALSE() -> FALSE
A78: 9712ceb1-28f5-45bd-965b-f023186d71b5 | B78: 2022-12-07T07:53:30.000Z | C78: 36.050682 | D78: 140.13733 | E78: Japan | F78: Tokyo | G78: high | H78: 16 | I78: Wednesday | J78: =FALSE() -> FALSE | K78: 6 | L78: =TRUE() -> TRUE | M78: Android | N78: 12 | O78: Samsung | P78: SM-N975U | Q78: phone | R78: Android WebView | S78: =TRUE() -> TRUE
A79: 4e80d484-3ff3-4105-a0b2-b216c390b9b3 | B79: 2022-12-29T13:45:41.000Z | C79: 15.34381 | D79: 108.81617 | E79: Vietnam | F79: Da Nang | G79: medium | H79: 20 | I79: Thursday | J79: =FALSE() -> FALSE | K79: 6 | L79: =TRUE() -> TRUE | M79: Android | N79: 10 | O79: Samsung | P79: SM-G960U | Q79: phone | R79: Android WebView | S79: =TRUE() -> TRUE
A80: 12a9515d-7586-4889-b6fe-ab0eac07f650 | B80: 2022-12-30T06:51:51.000Z | C80: 35.48123 | D80: 139.45402 | E80: Japan | F80: Yokohama | G80: high | H80: 15 | I80: Friday | J80: =FALSE() -> FALSE | K80: 6 | L80: =TRUE() -> TRUE | M80: Android | N80: 12 | O80: Samsung | P80: SM-A515F | Q80: phone | R80: Android WebView | S80: =TRUE() -> TRUE
A81: 32d94b09-8036-41a7-891a-c6e8fe177b39 | B81: 2022-12-29T12:03:01.000Z | C81: 35.57074 | D81: 139.72857 | E81: Japan | F81: Tokyo | G81: high | H81: 21 | I81: Thursday | J81: =FALSE() -> FALSE | K81: 6 | L81: =TRUE() -> TRUE | M81: Android | N81: 10 | O81: Motorola | P81: moto g(8 | Q81: phone | R81: Android WebView | S81: =TRUE() -> TRUE
A82: 2add45a4-bc31-4f8b-8853-15d2942d3bdd | B82: 2022-12-07T16:28:47.000Z | C82: -8.63 | D82: 115.18 | E82: Indonesia | F82: Denpasar | G82: high | H82: 0 | I82: Wednesday | J82: =FALSE() -> FALSE | K82: 6 | L82: =TRUE() -> TRUE | M82: Android | N82: 12 | O82: Motorola | P82: motorola edge 5G UW (2021 | Q82: phone | R82: Android WebView | S82: =TRUE() -> TRUE
A83: b2abc820-c5fa-479e-a594-b23cc04a337e | B83: 2022-12-16T22:20:31.000Z | C83: 35.301811 | D83: 128.74531 | E83: South Korea | F83: Busan | G83: high | H83: 7 | I83: Friday | J83: =FALSE() -> FALSE | K83: 6 | L83: =TRUE() -> TRUE | M83: Android | N83: 10 | O83: Motorola | P83: moto z4 | Q83: phone | R83: Android WebView | S83: =TRUE() -> TRUE
A84: b7174859-14e2-485c-bfff-fffc2dc8f90a | B84: 2022-12-12T02:02:33.000Z | C84: 5.273647 | D84: 100.49588 | E84: Malaysia | F84: George Town | G84: high | H84: 9 | I84: Monday | J84: =FALSE() -> FALSE | K84: 4 | L84: =TRUE() -> TRUE | M84: Android | N84: 12 | O84: Samsung | P84: SM-T220 | Q84: tablet | R84: Android WebView | S84: =TRUE() -> TRUE
A85: edb6c36a-6cd6-4325-8bff-ae191eda764f | B85: 2022-12-25T19:45:44.000Z | C85: 7.153026 | D85: 100.60841 | E85: Thailand | F85: Hat Yai | G85: high | H85: 2 | I85: Sunday | J85: =TRUE() -> TRUE | K85: 6 | L85: =TRUE() -> TRUE | M85: Android | N85: 8.1.0 | O85: LG | P85: LM-X210CM | Q85: phone | R85: Android WebView | S85: =TRUE() -> TRUE
A86: 72458e36-d374-4ad1-9e71-1e7282855ca6 | B86: 2022-12-04T02:12:22.000Z | C86: 16.163319 | D86: 103.2832 | E86: Thailand | F86: Khon Kaen | G86: high | H86: 9 | I86: Sunday | J86: =TRUE() -> TRUE | K86: 4 | L86: =TRUE() -> TRUE | M86: Android | N86: 12 | O86: Motorola | P86: moto g stylus 5G | Q86: phone | R86: Android WebView | S86: =TRUE() -> TRUE
A87: ffd00dd4-0503-4177-a8ea-84cd5075c430 | B87: 2022-12-31T03:47:55.000Z | C87: 20.88159 | D87: 105.86402 | E87: Vietnam | F87: Hanoi | G87: high | H87: 10 | I87: Saturday | J87: =TRUE() -> TRUE | K87: 6 | L87: =TRUE() -> TRUE | M87: Android | N87: 13 | O87: Samsung | P87: SM-S908U | Q87: phone | R87: Android WebView | S87: =TRUE() -> TRUE
A88: 756bd3d2-4d4b-4693-9598-52e2baff5ba7 | B88: 2022-12-15T02:15:51.000Z | C88: -7.1213293 | D88: 108.20218 | E88: Indonesia | F88: Bandung | G88: high | H88: 9 | I88: Thursday | J88: =FALSE() -> FALSE | K88: 6 | L88: =TRUE() -> TRUE | M88: Android | N88: 12 | O88: Samsung | P88: SM-G973F | Q88: phone | R88: Android WebView | S88: =TRUE() -> TRUE
A89: 908b2ab0-5231-4102-9b79-37911e3c1684 | B89: 2022-12-10T06:00:56.000Z | C89: 35.63669 | D89: 139.65314 | E89: Japan | F89: Tokyo | G89: high | H89: 15 | I89: Saturday | J89: =TRUE() -> TRUE | K89: 4 | L89: =TRUE() -> TRUE | M89: Android | N89: 12 | O89: Motorola | P89: moto g stylus 5G (2022 | Q89: phone | R89: Android WebView | S89: =TRUE() -> TRUE
A90: 3f6c13f0-b50f-42d3-88d1-57c7c7fcb4e0 | B90: 2022-12-20T21:07:40.000Z | C90: 16.808145 | D90: 100.26324 | E90: Thailand | F90: Chiang Mai | G90: medium | H90: 4 | I90: Tuesday | J90: =FALSE() -> FALSE | K90: 4 | L90: =FALSE() -> FALSE | M90: Android | N90: 10 | O90: Samsung | P90: SM-A202F | Q90: phone | R90: Android WebView | S90: =TRUE() -> TRUE
A91: 072c3c81-6241-44ce-961e-37ea879c290d | B91: 2022-12-08T04:49:48.000Z | C91: -7.76 | D91: 110.41 | E91: Indonesia | F91: Yogyakarta | G91: high | H91: 11 | I91: Thursday | J91: =FALSE() -> FALSE | K91: 6 | L91: =TRUE() -> TRUE | M91: Android | N91: 13 | O91: Samsung | P91: SM-G998U | Q91: tablet | S91: =FALSE() -> FALSE
A92: e691529a-0051-471c-8378-0ec037f8beba | B92: 2022-12-06T06:38:17.000Z | C92: 0.43 | D92: 101.38 | E92: Indonesia | F92: Pekanbaru | G92: high | H92: 13 | I92: Tuesday | J92: =FALSE() -> FALSE | K92: 4 | L92: =TRUE() -> TRUE | M92: Android | N92: 9 | P92: U304AA | Q92: phone | R92: Android WebView | S92: =TRUE() -> TRUE
A93: 1419d216-86e1-4524-b104-aa19a3a973a0 | B93: 2022-12-30T21:17:25.000Z | C93: 23.6384 | D93: 120.22618 | E93: Taiwan | F93: Tainan | G93: high | H93: 5 | I93: Friday | J93: =FALSE() -> FALSE | K93: 4 | L93: =TRUE() -> TRUE | M93: Android | N93: 12 | O93: Samsung | P93: SM-G991U1 | Q93: phone | R93: Android WebView | S93: =TRUE() -> TRUE
A94: 9bad3b89-3c2c-419f-ae38-9fe38c411671 | B94: 2022-12-08T00:50:44.000Z | C94: -6.2311816 | D94: 106.71168 | E94: Indonesia | F94: Tangerang | G94: high | H94: 7 | I94: Thursday | J94: =FALSE() -> FALSE | K94: 6 | L94: =TRUE() -> TRUE | M94: Android | N94: 9 | O94: Samsung | P94: SM-N950U | Q94: phone | R94: Android WebView | S94: =TRUE() -> TRUE
A95: f3350c9d-3c61-402e-9684-fe0953a54aba | B95: 2022-12-18T21:46:38.000Z | C95: 37.56196 | D95: 140.10942 | E95: Japan | F95: Niigata | G95: medium | H95: 6 | I95: Sunday | J95: =TRUE() -> TRUE | K95: 4 | L95: =TRUE() -> TRUE | M95: Android | N95: 11 | O95: OnePlus | P95: BE2015 | Q95: phone | R95: Android WebView | S95: =TRUE() -> TRUE
A96: 96747175-2a84-4f9b-b6b3-a1bda8de99f9 | B96: 2022-12-07T07:38:35.000Z | C96: -6.23 | D96: 106.9 | E96: Indonesia | F96: Jakarta | G96: high | H96: 14 | I96: Wednesday | J96: =FALSE() -> FALSE | K96: 6 | L96: =TRUE() -> TRUE | M96: Android | N96: 10 | O96: Samsung | P96: SM-J400F | Q96: phone | R96: Android WebView | S96: =TRUE() -> TRUE
A97: 65841893-c061-44f0-b350-c7cc69166134 | B97: 2022-12-06T16:29:02.000Z | C97: -4.584322 | D97: 136.87373 | E97: Indonesia | F97: Jayapura | G97: low | H97: 1 | I97: Tuesday | J97: =FALSE() -> FALSE | K97: 6 | L97: =TRUE() -> TRUE | M97: Android | N97: 12 | O97: Motorola | P97: moto g stylus 5G (2022 | Q97: phone | R97: Android WebView | S97: =TRUE() -> TRUE
A98: 84a83c81-e43e-41d8-acf8-8d00cd09fef6 | B98: 2022-12-26T01:43:10.000Z | C98: 36.280739 | D98: 139.3372 | E98: Japan | F98: Tokyo | G98: high | H98: 10 | I98: Monday | J98: =FALSE() -> FALSE | K98: 6 | L98: =TRUE() -> TRUE | M98: Android | N98: 13 | O98: Samsung | P98: SM-G981U | Q98: phone | R98: Android WebView | S98: =TRUE() -> TRUE
A99: 4afc18de-b336-48ca-aa5e-bd8cfa951809 | B99: 2022-12-14T08:22:36.000Z | C99: 10.236098 | D99: 106.60995 | E99: Vietnam | F99: Ho Chi Minh City | G99: high | H99: 15 | I99: Wednesday | J99: =FALSE() -> FALSE | K99: 4 | L99: =TRUE() -> TRUE | M99: Android | N99: 11 | O99: Motorola | P99: moto g stylus (2021 | Q99: phone | R99: Android WebView | S99: =TRUE() -> TRUE
A100: d426f5d3-6633-4f4d-b20c-74e612b7a81e | B100: 2022-12-26T05:33:03.000Z | C100: 1.4822 | D100: 124.8489 | E100: Indonesia | F100: Manado | G100: high | H100: 13 | I100: Monday | J100: =FALSE() -> FALSE | K100: 4 | L100: =TRUE() -> TRUE | M100: Android | N100: 13 | O100: vivo | P100: V2207 | Q100: phone | R100: Android WebView | S100: =TRUE() -> TRUE
...
